month,brand,total_mentions,original_mentions,twitter_x_mentions,reddit_mentions,facebook_mentions,youtube_mentions,linkedin_mentions,forums_mentions,news_blogs_mentions
2021-03,Intel,163617,106940,58859,31689,18983,15523,9044,10479,19040
2021-04,Intel,154140,108048,55440,30390,18255,13168,9838,11435,15614
2021-05,Intel,138625,96847,47630,26814,16172,11457,9011,8998,18543
2021-06,Intel,165636,118680,58985,29489,20042,16019,10399,12305,18397
2021-07,Intel,148839,103609,55642,30254,16966,13367,8432,11434,12744
2021-08,Intel,161262,115477,52706,31899,20997,13586,9807,12226,20041
2021-09,Intel,183207,119519,68558,33398,23850,18042,11969,12758,14632
2021-10,Intel,162858,115685,62668,29823,20828,13299,9959,10784,15497
2021-11,Intel,183766,120998,60558,36286,21345,17282,10067,12388,25840
2021-12,Intel,171593,118015,65365,31420,21109,16635,10534,11369,15161
2022-01,Intel,195981,127722,75775,33671,25280,17740,12791,14538,16186
2022-02,Intel,173180,124664,60483,34662,20373,15523,10655,13028,18456
2022-03,Intel,142217,102237,53945,26576,16797,13407,8087,9179,14226
2022-04,Intel,141678,95607,48833,25822,16095,11583,7681,10884,20780
2022-05,Intel,103364,70281,36350,20344,11704,10139,6557,6641,11629
2022-06,Intel,149901,101817,58056,31014,17870,13797,8395,11523,9246
2022-07,Intel,129491,86269,50744,25339,15873,11683,7350,8477,10025
2022-08,Intel,151199,100612,51018,30334,17600,12404,9923,11396,18524
2022-09,Intel,179022,127990,70827,31795,21036,16944,11162,11664,15594
2022-10,Intel,136174,96289,46320,24443,16461,12483,8301,8753,19413
2022-11,Intel,174045,123819,59718,30618,22509,17091,11199,12937,19973
2022-12,Intel,165098,114886,60039,28777,19449,14480,9429,12073,20851
2023-01,Intel,213645,146285,70467,38320,26577,17598,13719,14940,32024
2023-02,Intel,143312,97973,52545,28997,16673,13357,8711,12184,13465
2023-03,Intel,126204,89794,48136,24738,16206,12192,7887,9429,7616
2023-04,Intel,131471,91874,49034,25572,16573,11024,8489,9887,10892
2023-05,Intel,153848,100316,58994,27061,17852,14520,8604,11454,15363
2023-06,Intel,163091,115509,58800,27928,18737,15021,10727,11717,20161
2023-07,Intel,133486,89193,49342,25565,16914,11069,8427,9421,12748
2023-08,Intel,158207,113499,55153,30856,20625,13106,10322,11490,16655
2023-09,Intel,178210,116682,61601,35269,19534,16302,10363,12776,22365
2023-10,Intel,182115,118957,70433,37878,23903,17208,10118,13406,9169
2023-11,Intel,165022,107548,53729,30248,19757,15655,10264,11426,23943
2023-12,Intel,191633,128231,75846,35872,22772,16086,12175,13933,14949
2024-01,Intel,230921,153667,76188,45458,28566,19840,15104,15036,30729
2024-02,Intel,156748,106629,61435,29303,19330,13818,8980,12034,11848
2024-03,Intel,157826,107109,61295,28367,17852,12872,9756,10757,16927
2024-04,Intel,138994,98755,49769,28881,15630,13431,8800,10256,12227
2024-05,Intel,142362,100953,53925,27731,15823,11614,9260,10197,13812
2024-06,Intel,180793,127596,64844,31721,20068,16875,10696,11897,24692
2024-07,Intel,156175,106887,51322,30159,17875,14892,9015,10834,22078
2024-08,Intel,169890,110566,55930,31585,20305,15595,9768,12356,24351
2024-09,Intel,198964,141305,75636,34322,23782,16491,11321,15283,22129
2024-10,Intel,165867,109468,59698,32259,20710,15106,8976,11207,17911
2024-11,Intel,168347,115526,55609,31030,18315,13874,9892,10918,28709
2024-12,Intel,188815,130230,70549,38031,21299,15863,10432,13577,19064
2025-01,Intel,230361,161126,75160,47587,25166,20903,14399,17321,29825
2025-02,Intel,184951,129463,70600,34012,23591,15247,11973,13069,16459
2025-03,Intel,168811,119384,60192,32995,20364,15896,9281,10777,19306
2025-04,Intel,147693,98555,49549,30148,16727,14557,8572,9681,18459
2025-05,Intel,141624,99884,52602,26898,17183,13304,8035,10897,12705
2025-06,Intel,177885,127763,65963,31767,22115,14639,9671,11848,21882
2025-07,Intel,156177,106572,60364,31021,19650,13846,9081,10650,11565
2025-08,Intel,194249,139691,63497,39616,23676,17267,12180,13561,24452
2025-09,Intel,196041,139412,76230,36664,22474,17969,12732,12928,17044
2025-10,Intel,204069,141543,75397,40580,22683,19158,13245,13369,19637
2025-11,Intel,184955,123296,72861,32899,23767,16620,10536,13906,14366
2025-12,Intel,173615,118261,62686,32058,21221,14573,10189,13294,19594
2026-01,Intel,226789,151510,84203,41583,28703,18904,14885,15728,22783
2026-02,Intel,190741,127133,62809,33847,22979,16607,12197,13167,29135
